{
  "project_info": {
    "project_number": "596409681712",
    "project_id": "board-app-5402f",
    "storage_bucket": "board-app-5402f.appspot.com"
  },
  "client": [
    {
      "client_info": {
        "mobilesdk_app_id": "1:596409681712:android:641db3eec192b18fd4eaf5",
        "android_client_info": {
          "package_name": "com.fbip.discussion_board"
        }
      },
      "oauth_client": [
        {
          "client_id": "596409681712-c9uggk44sip8dadilmeummvtsrg4ckmp.apps.googleusercontent.com",
          "client_type": 3
        }
      ],
      "api_key": [
        {
          "current_key": "AIzaSyAL60BOWe4xjzp1N3tFQk6Dh2BKiEERfQ0"
        }
      ],
      "services": {
        "appinvite_service": {
          "other_platform_oauth_client": [
            {
              "client_id": "596409681712-c9uggk44sip8dadilmeummvtsrg4ckmp.apps.googleusercontent.com",
              "client_type": 3
            }
          ]
        }
      }
    }
  ],
  "configuration_version": "1"
}